timestamp,gaze_x,gaze_y,gaze_z,pupil,openness
0.0002,-0.07262,-0.49940,-0.86332,1.000,1.000
0.0136,-0.07630,-0.49648,-0.86469,1.000,1.000
0.0276,-0.07930,-0.49186,-0.86705,1.000,1.000
0.0417,-0.08225,-0.48539,-0.87042,1.000,1.000
0.0553,-0.08586,-0.48007,-0.87302,1.000,1.000
0.0695,-0.08995,-0.47259,-0.87668,1.000,1.000
0.0828,-0.09559,-0.46431,-0.88050,1.000,1.000
0.0971,-0.10236,-0.45650,-0.88382,1.000,1.000
0.1112,-0.10881,-0.44803,-0.88737,1.000,1.000
0.1249,-0.11577,-0.43973,-0.89064,1.000,1.000
0.1388,-0.12155,-0.42958,-0.89481,1.000,1.000
0.1528,-0.12718,-0.41941,-0.89885,1.000,1.000
0.1667,-0.13281,-0.41058,-0.90210,1.000,1.000
0.1815,-0.13815,-0.40267,-0.90486,1.000,1.000
0.1952,-0.14269,-0.39685,-0.90672,1.000,1.000
0.2088,-0.14811,-0.39266,-0.90768,1.000,1.000
0.2226,-0.15380,-0.39069,-0.90758,1.000,1.000
0.2364,-0.15887,-0.38565,-0.90886,1.000,1.000
0.2505,-0.16397,-0.38018,-0.91026,1.000,1.000
0.2642,-0.16868,-0.37288,-0.91242,1.000,1.000
0.2781,-0.17287,-0.36516,-0.91476,1.000,1.000
0.2923,-0.17755,-0.35934,-0.91616,1.000,1.000
0.3060,-0.18258,-0.35616,-0.91642,1.000,1.000
0.3200,-0.18653,-0.35610,-0.91564,1.000,1.000
0.3342,-0.18989,-0.35724,-0.91450,1.000,1.000
0.3480,-0.19273,-0.35969,-0.91295,1.000,1.000
0.3615,-0.19529,-0.36183,-0.91156,1.000,1.000
0.3761,-0.19715,-0.36388,-0.91034,1.000,1.000
0.3897,-0.19804,-0.36379,-0.91019,1.000,1.000
0.4035,-0.19850,-0.36380,-0.91008,1.000,1.000
0.4179,-0.19813,-0.36424,-0.90998,1.000,1.000
0.4317,-0.19588,-0.36408,-0.91054,1.000,1.000
0.4457,-0.19342,-0.36412,-0.91105,1.000,1.000
0.4592,-0.18963,-0.36337,-0.91214,1.000,1.000
0.4734,-0.18564,-0.36004,-0.91428,1.000,1.000
0.4872,-0.18128,-0.35625,-0.91664,1.000,1.000
0.5014,-0.17639,-0.35188,-0.91928,1.000,1.000
0.5150,-0.17037,-0.34741,-0.92211,1.000,1.000
0.5292,-0.16342,-0.34280,-0.92509,1.000,1.000
0.5427,-0.15461,-0.33383,-0.92987,1.000,1.000
0.5569,-0.14578,-0.32392,-0.93479,1.000,1.000
0.5710,-0.13724,-0.31427,-0.93936,1.000,1.000
0.5847,-0.12818,-0.30486,-0.94373,1.000,1.000
0.5986,-0.11752,-0.29560,-0.94806,1.000,1.000
0.6126,-0.10547,-0.28512,-0.95267,1.000,1.000
0.6268,-0.09115,-0.27068,-0.95834,1.000,1.000
0.6452,-0.07650,-0.25148,-0.96483,1.000,1.000
0.6575,-0.06341,-0.23281,-0.97045,1.000,1.000
0.6699,-0.05087,-0.21514,-0.97526,1.000,1.000
0.6844,-0.02701,-0.17594,-0.98403,1.000,1.000
0.6985,-0.01063,-0.14689,-0.98910,1.000,1.000
0.7116,0.00965,-0.11341,-0.99350,1.000,1.000
0.7254,0.01737,-0.10025,-0.99481,1.000,1.000
0.7386,0.03423,-0.06521,-0.99728,1.000,1.000
0.7524,0.04704,-0.03188,-0.99838,1.000,1.000
0.7661,0.06014,-0.00137,-0.99819,1.000,1.000
0.7800,0.07187,0.02771,-0.99703,1.000,1.000
0.7937,0.08064,0.05749,-0.99508,1.000,1.000
0.8077,0.08680,0.08754,-0.99237,1.000,1.000
0.8215,0.08955,0.11940,-0.98880,1.000,1.000
0.8353,0.08996,0.14415,-0.98546,1.000,1.000
0.8490,0.08913,0.16999,-0.98141,1.000,1.000
0.8628,0.08457,0.18773,-0.97857,1.000,1.000
0.8769,0.07935,0.20639,-0.97525,1.000,1.000
0.8908,0.07596,0.22533,-0.97132,1.000,1.000
0.9044,0.07109,0.24253,-0.96754,1.000,1.000
0.9187,0.06303,0.26062,-0.96338,1.000,1.000
0.9324,0.05424,0.27239,-0.96066,1.000,1.000
0.9465,0.04524,0.28123,-0.95857,1.000,1.000
0.9601,0.03708,0.29001,-0.95630,1.000,1.000
0.9743,0.02980,0.29828,-0.95401,1.000,1.000
0.9881,0.02288,0.30796,-0.95112,1.000,1.000
1.0024,0.01667,0.31613,-0.94857,1.000,1.000
1.0163,0.00935,0.32230,-0.94659,1.000,1.000
1.0299,0.00101,0.32549,-0.94554,1.000,1.000
1.0434,-0.00738,0.32761,-0.94479,1.000,1.000
1.0578,-0.01588,0.33107,-0.94347,1.000,1.000
1.0719,-0.02237,0.33347,-0.94250,1.000,1.000
1.0856,-0.02794,0.33584,-0.94150,1.000,1.000
1.0993,-0.03215,0.33574,-0.94141,1.000,1.000
1.1136,-0.03626,0.33453,-0.94169,1.000,1.000
1.1274,-0.04092,0.33253,-0.94221,1.000,1.000
1.1410,-0.04316,0.32988,-0.94304,1.000,1.000
1.1553,-0.04471,0.32704,-0.94395,1.000,1.000
1.1691,-0.04598,0.32685,-0.94396,1.000,1.000
1.1829,-0.04678,0.32613,-0.94417,1.000,1.000
1.1970,-0.04778,0.32484,-0.94456,1.000,1.000
1.2110,-0.04730,0.32253,-0.94538,1.000,1.000
1.2249,-0.04639,0.31965,-0.94640,1.000,1.000
1.2386,-0.04527,0.31697,-0.94735,1.000,1.000
1.2528,-0.04644,0.31546,-0.94780,1.000,1.000
1.2668,-0.04872,0.31506,-0.94782,1.000,1.000
1.2805,-0.05139,0.31578,-0.94744,1.000,1.000
1.2947,-0.05265,0.31641,-0.94716,1.000,1.000
1.3087,-0.05255,0.31499,-0.94764,1.000,1.000
1.3223,-0.05346,0.31042,-0.94910,1.000,1.000
1.3362,-0.05434,0.30614,-0.95044,1.000,1.000
1.3502,-0.05500,0.30299,-0.95141,1.000,1.000
1.3641,-0.05410,0.30033,-0.95230,1.000,1.000
1.3779,-0.05291,0.29784,-0.95315,1.000,1.000
1.3920,-0.05304,0.29516,-0.95397,1.000,1.000
1.4061,-0.05370,0.29021,-0.95545,1.000,1.000
1.4199,-0.05563,0.28525,-0.95684,1.000,1.000
1.4339,-0.05711,0.28210,-0.95769,1.000,1.000
1.4478,-0.05760,0.28103,-0.95797,1.000,1.000
1.4613,-0.05735,0.28068,-0.95809,1.000,1.000
1.4755,-0.05885,0.28035,-0.95809,1.000,1.000
1.4899,-0.06107,0.27967,-0.95815,1.000,1.000
1.5036,-0.06370,0.27864,-0.95828,1.000,1.000
1.5177,-0.06516,0.27757,-0.95849,1.000,1.000
1.5315,-0.06531,0.27744,-0.95852,1.000,1.000
1.5452,-0.06431,0.27744,-0.95859,1.000,1.000
1.5591,-0.06391,0.27777,-0.95852,1.000,1.000
1.5732,-0.06386,0.27596,-0.95905,1.000,1.000
1.5869,-0.06402,0.27408,-0.95957,1.000,1.000
1.6010,-0.06450,0.27277,-0.95992,1.000,1.000
1.6149,-0.06469,0.27237,-0.96002,1.000,1.000
1.6288,-0.06444,0.27335,-0.95975,1.000,1.000
1.6424,-0.06421,0.27443,-0.95946,1.000,1.000
1.6572,-0.06419,0.27412,-0.95955,1.000,1.000
1.6708,-0.06468,0.27215,-0.96008,1.000,1.000
1.6841,-0.06594,0.27036,-0.96050,1.000,1.000
1.6984,-0.06734,0.26990,-0.96053,1.000,1.000
1.7126,-0.06843,0.27142,-0.96003,1.000,1.000
1.7266,-0.06840,0.27198,-0.95987,1.000,1.000
1.7400,-0.06787,0.27245,-0.95977,1.000,1.000
1.7542,-0.06713,0.27275,-0.95974,1.000,1.000
1.7683,-0.06642,0.27232,-0.95991,1.000,1.000
1.7818,-0.06567,0.27158,-0.96017,1.000,1.000
1.7961,-0.06487,0.27067,-0.96048,1.000,1.000
1.8097,-0.06356,0.27049,-0.96062,1.000,1.000
1.8235,-0.06186,0.26929,-0.96107,1.000,1.000
1.8379,-0.06024,0.26781,-0.96159,1.000,1.000
1.8517,-0.05825,0.26609,-0.96219,1.000,1.000
1.8654,-0.05627,0.26450,-0.96274,1.000,1.000
1.8793,-0.05513,0.26433,-0.96285,1.000,1.000
1.8934,-0.05486,0.26423,-0.96290,1.000,1.000
1.9074,-0.05454,0.26368,-0.96307,1.000,1.000
1.9210,-0.05474,0.26282,-0.96329,1.000,1.000
1.9350,-0.05529,0.26114,-0.96372,1.000,1.000
2.2306,-0.08753,0.24900,-0.96454,1.000,1.000
2.2404,-0.07996,0.23554,-0.96857,1.000,1.000
2.2544,-0.07847,0.23599,-0.96858,1.000,1.000
2.2685,-0.07864,0.23681,-0.96837,1.000,1.000
2.2823,-0.08017,0.23690,-0.96822,1.000,1.000
2.2966,-0.08121,0.23751,-0.96798,1.000,1.000
2.3106,-0.08195,0.23819,-0.96775,1.000,1.000
2.3244,-0.08249,0.23913,-0.96748,1.000,1.000
2.3387,-0.08275,0.23942,-0.96738,1.000,1.000
2.3533,-0.08283,0.23964,-0.96732,1.000,1.000
2.3668,-0.08285,0.23883,-0.96752,1.000,1.000
2.3804,-0.08256,0.23862,-0.96760,1.000,1.000
2.3945,-0.08210,0.23847,-0.96767,1.000,1.000
2.4083,-0.08173,0.23850,-0.96770,1.000,1.000
2.4220,-0.08096,0.23691,-0.96815,1.000,1.000
2.4364,-0.07999,0.23512,-0.96867,1.000,1.000
2.4503,-0.07861,0.23261,-0.96939,1.000,1.000
2.4639,-0.07704,0.23062,-0.96999,1.000,1.000
2.4781,-0.07573,0.23015,-0.97020,1.000,1.000
2.4927,-0.07476,0.23036,-0.97023,1.000,1.000
2.5064,-0.07401,0.23019,-0.97033,1.000,1.000
2.5197,-0.07384,0.22875,-0.97068,1.000,1.000
2.5338,-0.07310,0.22671,-0.97122,1.000,1.000
2.5478,-0.07213,0.22575,-0.97151,1.000,1.000
2.5618,-0.07095,0.22592,-0.97156,1.000,1.000
2.5756,-0.06985,0.22666,-0.97147,1.000,1.000
2.5896,-0.06973,0.22699,-0.97140,1.000,1.000
2.6035,-0.07066,0.22748,-0.97122,1.000,1.000
2.6175,-0.07168,0.22843,-0.97092,1.000,1.000
2.6314,-0.07213,0.23007,-0.97050,1.000,1.000
2.6451,-0.07279,0.23158,-0.97009,1.000,1.000
2.6590,-0.07400,0.23255,-0.96976,1.000,1.000
2.6755,-0.07654,0.23321,-0.96941,1.000,1.000
2.6876,-0.07946,0.23423,-0.96893,1.000,1.000
2.7004,-0.08300,0.23530,-0.96837,1.000,1.000
2.7146,-0.08574,0.23723,-0.96766,1.000,1.000
2.7283,-0.08732,0.23866,-0.96717,1.000,1.000
2.7420,-0.08821,0.24021,-0.96670,1.000,1.000
2.7564,-0.08969,0.24055,-0.96648,1.000,1.000
2.7702,-0.09121,0.23959,-0.96658,1.000,1.000
2.7839,-0.09049,0.23779,-0.96709,1.000,1.000
2.7981,-0.08804,0.23587,-0.96779,1.000,1.000
2.8122,-0.08366,0.23312,-0.96884,1.000,1.000
2.8259,-0.07942,0.23241,-0.96937,1.000,1.000
2.8400,-0.07496,0.23268,-0.96966,1.000,1.000
2.8539,-0.07187,0.23296,-0.96983,1.000,1.000
2.8679,-0.06869,0.23252,-0.97016,1.000,1.000
2.8818,-0.06572,0.23101,-0.97073,1.000,1.000
2.8958,-0.06386,0.22977,-0.97115,1.000,1.000
2.9097,-0.06373,0.23007,-0.97109,1.000,1.000
2.9233,-0.06411,0.23170,-0.97067,1.000,1.000
2.9376,-0.06492,0.23390,-0.97009,1.000,1.000
2.9516,-0.06591,0.23669,-0.96935,1.000,1.000
2.9654,-0.06511,0.23808,-0.96906,1.000,1.000
2.9790,-0.06426,0.23796,-0.96915,1.000,1.000
2.9936,-0.06413,0.23775,-0.96921,1.000,1.000
3.0073,-0.06436,0.23700,-0.96938,1.000,1.000
3.0211,-0.06399,0.23592,-0.96966,1.000,1.000
3.0350,-0.06318,0.23251,-0.97054,1.000,1.000
3.0488,-0.06201,0.22856,-0.97155,1.000,1.000
3.0626,-0.06078,0.22399,-0.97269,1.000,1.000
3.0768,-0.05964,0.21949,-0.97379,1.000,1.000
3.0908,-0.05863,0.21615,-0.97460,1.000,1.000
3.1042,-0.05789,0.21249,-0.97545,1.000,1.000
3.1186,-0.05809,0.20944,-0.97609,1.000,1.000
3.1326,-0.05847,0.20696,-0.97660,1.000,1.000
3.1466,-0.05909,0.20618,-0.97673,1.000,1.000
3.1601,-0.05968,0.20604,-0.97672,1.000,1.000
3.1744,-0.06018,0.20538,-0.97683,1.000,1.000
3.1881,-0.06119,0.20365,-0.97713,1.000,1.000
3.2022,-0.06209,0.20202,-0.97741,1.000,1.000
3.2162,-0.06291,0.20139,-0.97749,1.000,1.000
3.2298,-0.06311,0.20147,-0.97746,1.000,1.000
3.2437,-0.06296,0.20301,-0.97715,1.000,1.000
3.2579,-0.06268,0.20459,-0.97684,1.000,1.000
3.2718,-0.06245,0.20587,-0.97659,1.000,1.000
3.2860,-0.06251,0.20571,-0.97661,1.000,1.000
3.2994,-0.06282,0.20636,-0.97646,1.000,1.000
3.3134,-0.06361,0.20679,-0.97632,1.000,1.000
3.3273,-0.06432,0.20892,-0.97582,1.000,1.000
3.3413,-0.06516,0.21141,-0.97522,1.000,1.000
3.3553,-0.06543,0.21341,-0.97477,1.000,1.000
3.3691,-0.06594,0.21398,-0.97461,1.000,1.000
3.3828,-0.06784,0.21514,-0.97422,1.000,1.000
3.3971,-0.07007,0.21559,-0.97397,1.000,1.000
3.4109,-0.07040,0.21732,-0.97356,1.000,1.000
3.4245,-0.06930,0.21874,-0.97332,1.000,1.000
3.4387,-0.06795,0.21933,-0.97328,1.000,1.000
3.4528,-0.06722,0.22073,-0.97302,1.000,1.000
3.4666,-0.06757,0.22198,-0.97271,1.000,1.000
3.4804,-0.06833,0.22264,-0.97250,1.000,1.000
3.4947,-0.06925,0.22217,-0.97255,1.000,1.000
3.5084,-0.07035,0.22059,-0.97283,1.000,1.000
3.5223,-0.07191,0.21839,-0.97321,1.000,1.000
3.5365,-0.07314,0.21669,-0.97350,1.000,1.000
3.5507,-0.07426,0.21705,-0.97333,1.000,1.000
3.5641,-0.07600,0.21815,-0.97295,1.000,1.000
3.5779,-0.07788,0.21986,-0.97242,1.000,1.000
3.5919,-0.08029,0.22178,-0.97178,1.000,1.000
3.6058,-0.08243,0.22220,-0.97151,1.000,1.000
3.6195,-0.08414,0.22259,-0.97127,1.000,1.000
3.6337,-0.08474,0.22327,-0.97107,1.000,1.000
3.6479,-0.08532,0.22425,-0.97079,1.000,1.000
3.6616,-0.08558,0.22369,-0.97090,1.000,1.000
3.6757,-0.08505,0.22068,-0.97163,1.000,1.000
3.6896,-0.08408,0.21419,-0.97317,1.000,1.000
3.7059,-0.08180,0.20414,-0.97552,1.000,1.000
3.7185,-0.07954,0.19302,-0.97797,1.000,1.000
3.7310,-0.07682,0.18284,-0.98014,1.000,1.000
3.7445,-0.07519,0.17789,-0.98117,1.000,1.000
3.7584,-0.07427,0.17632,-0.98153,1.000,1.000
3.7723,-0.07349,0.17618,-0.98161,1.000,1.000
3.7865,-0.07273,0.17493,-0.98189,1.000,1.000
3.8007,-0.07244,0.17257,-0.98233,1.000,1.000
3.8144,-0.07345,0.16885,-0.98290,1.000,1.000
3.8284,-0.07481,0.16632,-0.98323,1.000,1.000
3.8421,-0.07646,0.16560,-0.98322,1.000,1.000
3.8562,-0.07845,0.16781,-0.98269,1.000,1.000
3.8702,-0.08021,0.17028,-0.98213,1.000,1.000
3.8839,-0.08280,0.17271,-0.98149,1.000,1.000
3.8982,-0.08484,0.17476,-0.98095,1.000,1.000
3.9123,-0.08697,0.17500,-0.98072,1.000,1.000
3.9260,-0.08878,0.17503,-0.98055,1.000,1.000
3.9397,-0.09015,0.17476,-0.98048,1.000,1.000
3.9539,-0.09090,0.17476,-0.98041,1.000,1.000
3.9679,-0.09183,0.17538,-0.98021,1.000,1.000
3.9815,-0.09339,0.17541,-0.98006,1.000,1.000
3.9956,-0.09544,0.17523,-0.97989,1.000,1.000
4.0097,-0.09813,0.17507,-0.97965,1.000,1.000
4.0235,-0.10062,0.17484,-0.97944,1.000,1.000
4.0375,-0.10356,0.17413,-0.97926,1.000,1.000
4.0515,-0.10649,0.17422,-0.97893,1.000,1.000
4.0656,-0.10944,0.17531,-0.97841,1.000,1.000
4.0794,-0.11208,0.17677,-0.97785,1.000,1.000
4.0933,-0.11497,0.17716,-0.97744,1.000,1.000
4.1073,-0.11768,0.17674,-0.97720,1.000,1.000
4.1208,-0.11970,0.17595,-0.97710,1.000,1.000
4.1348,-0.12107,0.17474,-0.97714,1.000,1.000
4.1491,-0.12115,0.17437,-0.97720,1.000,1.000
4.1626,-0.12020,0.17461,-0.97727,1.000,1.000
4.1766,-0.11920,0.17550,-0.97724,1.000,1.000
4.1906,-0.11740,0.17541,-0.97747,1.000,1.000
4.2044,-0.11550,0.17473,-0.97782,1.000,1.000
4.2186,-0.11302,0.17391,-0.97825,1.000,1.000
4.2323,-0.11052,0.17336,-0.97864,1.000,1.000
4.2462,-0.10788,0.17247,-0.97909,1.000,1.000
4.2598,-0.10514,0.17046,-0.97974,1.000,1.000
4.2743,-0.10267,0.16928,-0.98021,1.000,1.000
4.2880,-0.09964,0.16908,-0.98055,1.000,1.000
4.3018,-0.09752,0.16907,-0.98077,1.000,1.000
4.3159,-0.09728,0.16844,-0.98090,1.000,1.000
4.3300,-0.09730,0.16837,-0.98091,1.000,1.000
4.3439,-0.09741,0.16826,-0.98092,1.000,1.000
4.3578,-0.09779,0.16779,-0.98096,1.000,1.000
4.3716,-0.09805,0.16689,-0.98109,1.000,1.000
4.3857,-0.09884,0.16594,-0.98117,1.000,1.000
4.3995,-0.09959,0.16435,-0.98136,1.000,1.000
4.4134,-0.10010,0.16311,-0.98152,1.000,1.000
4.4272,-0.10031,0.16156,-0.98175,1.000,1.000
4.4411,-0.10059,0.16001,-0.98198,1.000,1.000
4.4552,-0.10076,0.15906,-0.98211,1.000,1.000
4.4693,-0.10063,0.15858,-0.98220,1.000,1.000
4.4831,-0.10057,0.15815,-0.98228,1.000,1.000
4.4970,-0.10044,0.15751,-0.98240,1.000,1.000
4.5109,-0.10034,0.15711,-0.98247,1.000,1.000
4.5250,-0.10032,0.15681,-0.98252,1.000,1.000
4.5385,-0.09968,0.15733,-0.98250,1.000,1.000
4.5527,-0.09957,0.15774,-0.98245,1.000,1.000
4.5665,-0.09939,0.15800,-0.98242,1.000,1.000
4.5805,-0.09904,0.15916,-0.98227,1.000,1.000
4.5946,-0.09910,0.15943,-0.98222,1.000,1.000
4.6087,-0.09944,0.15987,-0.98212,1.000,1.000
4.6222,-0.10000,0.15951,-0.98212,1.000,1.000
4.6361,-0.10065,0.15823,-0.98226,1.000,1.000
4.6502,-0.10029,0.15559,-0.98272,1.000,1.000
4.6640,-0.09907,0.15349,-0.98317,1.000,1.000
4.6781,-0.09732,0.15236,-0.98352,1.000,1.000
4.6918,-0.09634,0.15103,-0.98382,1.000,1.000
4.7057,-0.09500,0.14978,-0.98415,1.000,1.000
4.7216,-0.09372,0.14828,-0.98450,1.000,1.000
4.7338,-0.09158,0.14685,-0.98491,1.000,1.000
4.7472,-0.08969,0.14578,-0.98524,1.000,1.000
4.7618,-0.08762,0.14471,-0.98559,1.000,1.000
4.7750,-0.08604,0.14369,-0.98588,1.000,1.000
4.7891,-0.08474,0.14377,-0.98598,1.000,1.000
4.8025,-0.08401,0.14447,-0.98594,1.000,1.000
